<?xml version="1.0" encoding="UTF-8"?>
    <beans xmlns="http://www.springframework.org/schema/beans"
  xmlns:xsi="http://www.w3.org/2001/XMLSchema-instance"
  xmlns:context="http://www.springframework.org/schema/context"
  xsi:schemaLocation="http://www.springframework.org/schema/beans
    http://www.springframework.org/schema/beans/spring-beans.xsd
    http://www.springframework.org/schema/context
    http://www.springframework.org/schema/context/spring-context.xsd">
    <bean id="cus1" class="com.src.Customer">
    <property name="customerId" value="10"></property>
     <property name="customerName" value="sk"></property>
    </bean>
     <bean id="cus2" class="com.src.Customer">
    <property name="customerId" value="11"></property>
     <property name="customerName" value="pk"></property>
    </bean>
     <bean id="cus3" class="com.src.Customer">
    <property name="customerId" value="12"></property>
     <property name="customerName" value="ck"></property>
    </bean>
</beans>