<?xml version="1.0" encoding="UTF-8"?>
<beans xmlns="http://www.springframework.org/schema/beans"
  xmlns:xsi="http://www.w3.org/2001/XMLSchema-instance"
  xmlns:context="http://www.springframework.org/schema/context"
  xsi:schemaLocation="http://www.springframework.org/schema/beans
    http://www.springframework.org/schema/beans/spring-beans.xsd
    http://www.springframework.org/schema/context
    http://www.springframework.org/schema/context/spring-context.xsd">
    <bean id="student" class="com.src.Student">
    <constructor-arg value="12"></constructor-arg>
    <constructor-arg value="some"></constructor-arg>
    <constructor-arg value="some1"></constructor-arg>
    </bean>
    <bean id="student1" class="com.src.Student">
    <constructor-arg value="13" type="int"></constructor-arg>
    <constructor-arg value="some1"></constructor-arg>
    </bean>
    <bean id="student2" class="com.src.Student">
    <constructor-arg value="14"></constructor-arg>
    <constructor-arg value="some"></constructor-arg>
    <constructor-arg value="some1"></constructor-arg>
    </bean>
    </beans>