<?xml version="1.0" encoding="UTF-8"?>
<beans xmlns="http://www.springframework.org/schema/beans"
  xmlns:xsi="http://www.w3.org/2001/XMLSchema-instance"
  xmlns:context="http://www.springframework.org/schema/context"
  xsi:schemaLocation="http://www.springframework.org/schema/beans
    http://www.springframework.org/schema/beans/spring-beans.xsd
    http://www.springframework.org/schema/context
    http://www.springframework.org/schema/context/spring-context.xsd">
   <bean id="q" class="com.src.Quetion">
   <property name="qid" value="1"></property>
   <property name="qname" value="what is html"></property>
   <property name="answers">
   <list>
   <ref bean="ans1"></ref>
   <ref bean="ans2"></ref>
   </list>
   </property>
   </bean>
   <bean id="ans1" class="com.src.Answer">
   <property name="id" value="2"></property>
   <property name="person" value="some"></property>
   <property name="ans" value="hypertext"></property>
   </bean>
   <bean id="ans2" class="com.src.Answer">
   <property name="id" value="3"></property>
   <property name="person" value="some1"></property>
   <property name="ans" value="hypertextmarkuplanguage"></property>
   </bean>
    </beans>