<?xml version="1.0" encoding="UTF-8"?>
<beans xmlns="http://www.springframework.org/schema/beans"
  xmlns:xsi="http://www.w3.org/2001/XMLSchema-instance"
  xmlns:context="http://www.springframework.org/schema/context"
  xsi:schemaLocation="http://www.springframework.org/schema/beans
    http://www.springframework.org/schema/beans/spring-beans.xsd
    http://www.springframework.org/schema/context
    http://www.springframework.org/schema/context/spring-context.xsd">
   <bean id="qd" class="com.src.Question">
   <property name="qid" value="1"></property>
    <property name="qname" value="what is java"></property>
     <property name="answers">
     <map> 
     <entry key="some" value="programming"></entry>
     <entry key="some1" value="programming"></entry>
     </map>
     </property>
   </bean>
    </beans>