<?xml version="1.0" encoding="UTF-8"?>
<beans xmlns="http://www.springframework.org/schema/beans"
  xmlns:xsi="http://www.w3.org/2001/XMLSchema-instance"
  xmlns:context="http://www.springframework.org/schema/context"
  xsi:schemaLocation="http://www.springframework.org/schema/beans
    http://www.springframework.org/schema/beans/spring-beans.xsd
    http://www.springframework.org/schema/context
    http://www.springframework.org/schema/context/spring-context.xsd">
   <bean id="add" class="com.src.Address">
   <constructor-arg value="1"></constructor-arg>
   <constructor-arg value="some"></constructor-arg>
   <constructor-arg value="india"></constructor-arg>
   </bean>
   <bean id="employee1" class="com.src.Employee">
   <constructor-arg value="2"></constructor-arg>
   <constructor-arg value="anu"></constructor-arg>
   <constructor-arg value="20000.0"></constructor-arg>
   </bean>
    <bean id="employee2" class="com.src.Employee" parent="employee1">
   <constructor-arg ref="add"></constructor-arg>
   </bean>
    </beans>