<?xml version="1.0" encoding="UTF-8"?>
<beans xmlns="http://www.springframework.org/schema/beans"
  xmlns:xsi="http://www.w3.org/2001/XMLSchema-instance"
  xmlns:context="http://www.springframework.org/schema/context"
  xsi:schemaLocation="http://www.springframework.org/schema/beans
    http://www.springframework.org/schema/beans/spring-beans.xsd
    http://www.springframework.org/schema/context
    http://www.springframework.org/schema/context/spring-context.xsd">
   <bean id="emp" class="com.src.Employee">
        <property name="id" value="79"></property>   
        <property name="name" value="rajini"></property>
        <property name="addr" value="some"></property>
        <property name="mobile" value="999999"></property>
        </bean>
        <bean id="ds" class="org.springframework.jdbc.datasource.DriverManagerDataSource">
        <property name="driverClassName" value="com.mysql.cj.jdbc.Driver"></property>
        <property name="url" value="jdbc:mysql://localhost:3306/some"></property>
        <property name="username" value="root"></property>
        <property name="password" value="Smily@$123456"></property>
        </bean>
       
        <bean id="jdbcTemplate" class="org.springframework.jdbc.core.JdbcTemplate">
        <property name="dataSource" ref="ds"/>
        </bean>
        <bean id="empdao" class="com.src.EmpDao">
        <property name="jdbctemplate" ref="jdbcTemplate"/>
        </bean>

   
    </beans>