<?xml version="1.0" encoding="UTF-8"?>
<beans xmlns="http://www.springframework.org/schema/beans"
  xmlns:xsi="http://www.w3.org/2001/XMLSchema-instance"
  xmlns:context="http://www.springframework.org/schema/context"
  xsi:schemaLocation="http://www.springframework.org/schema/beans
    http://www.springframework.org/schema/beans/spring-beans.xsd
    http://www.springframework.org/schema/context
    http://www.springframework.org/schema/context/spring-context.xsd">
   <bean id="std" class="com.src.Student" autowire="byName">
   <property name="sid" value="12"></property>
   <property name="sname" value="some"></property>
   </bean>
    <bean id="address" class="com.src.Address">
   <property name="hno" value="1"></property>
   <property name="city" value="nellore"></property>
   </bean>
    </beans>