<?xml version="1.0" encoding="UTF-8"?>
<beans xmlns="http://www.springframework.org/schema/beans"
  xmlns:xsi="http://www.w3.org/2001/XMLSchema-instance"
  xmlns:context="http://www.springframework.org/schema/context"
  xsi:schemaLocation="http://www.springframework.org/schema/beans
    http://www.springframework.org/schema/beans/spring-beans.xsd
    http://www.springframework.org/schema/context
    http://www.springframework.org/schema/context/spring-context.xsd">
   <bean id="add" class="com.src.Address">
   <property name="hno" value="1"></property>
   <property name="city" value="nellore"></property>
   </bean>
   <bean id="add1" class="com.src.Employee">
   <property name="eid" value="2"></property>
   <property name="ename" value="some"></property>
   </bean>
    <bean id="add2" class="com.src.Employee" parent="add1">
   <property name="address" ref="add"></property>

   </bean>
    </beans>