<?xml version="1.0" encoding="UTF-8"?>
<beans xmlns="http://www.springframework.org/schema/beans"
  xmlns:xsi="http://www.w3.org/2001/XMLSchema-instance"
  xmlns:context="http://www.springframework.org/schema/context"
  xsi:schemaLocation="http://www.springframework.org/schema/beans
    http://www.springframework.org/schema/beans/spring-beans.xsd
    http://www.springframework.org/schema/context
    http://www.springframework.org/schema/context/spring-context.xsd">
    <bean id="stu1" class="com.src.Student">
    <property name="sid" value="10"></property>
     <property name="sname" value="sk"></property>
     <property name="sadd" value="sk"></property>
    </bean>
     <bean id="stu2" class="com.src.Student">
    <property name="sid" value="11"></property>
     <property name="sname" value="pk"></property>
     <property name="sadd" value="sk"></property>
    </bean>
     <bean id="stu3" class="com.src.Student">
    <property name="sid" value="12"></property>
     <property name="sname" value="ck"></property>
     <property name="sadd" value="sk"></property>
    </bean>
</beans>