<?xml version="1.0" encoding="UTF-8"?>
<beans xmlns="http://www.springframework.org/schema/beans"
  xmlns:xsi="http://www.w3.org/2001/XMLSchema-instance"
  xmlns:context="http://www.springframework.org/schema/context"
  xsi:schemaLocation="http://www.springframework.org/schema/beans
    http://www.springframework.org/schema/beans/spring-beans.xsd
    http://www.springframework.org/schema/context
    http://www.springframework.org/schema/context/spring-context.xsd">
   <bean id="cus1" class="com.src.Customer">
   <property name="cid" value="50"></property>
    <property name="cname" value="anu"></property>
     <property name="cdd" ref="add"></property>
   </bean>
   <bean id="add" class="com.src.Address">
   <property name="hno" value="12"></property>
    <property name="streetname" value="some"></property>
     <property name="city" value="nellore"></property>
   </bean>
    </beans>